id,email,random_number,random_letter,ipv4,date,random_int,password,text
00133b56ae134213a6621e0cb46498a7,williamsontiffany@hotmail.com,0,k,29.182.252.180,2014-04-27,6166,^2pqRl*rM@,"Facilis similique illo sint. Magnam quod reprehenderit recusandae laboriosam debitis. Eligendi unde dolor rerum soluta numquam. Laboriosam sit corrupti minus debitis ipsam nobis a."
06f508be3aef4c98ac2368103629c191,christopherhuerta@yahoo.com,768,m,35.179.119.0,2010-07-04,5334,VeX@FPJh@6,"Totam praesentium officiis ratione totam atque assumenda magnam. Blanditiis fugiat tenetur impedit deleniti. Quas et nesciunt et. Sed quisquam aliquam ut."
0aab9495d4d64c58bf9609da4282b679,iporter@brown.net,54107202,z,40.66.52.39,1975-12-01,6605,*2G&f^UOyE,"Natus voluptas laudantium quia blanditiis corrupti exercitationem eius. Asperiores sunt vero enim iure. Iusto voluptatibus amet illum impedit excepturi in. Doloremque culpa officia ipsa beatae."
0bfb613ec9364ba38b22ff423a6f92b2,lisaward@scott.org,316685747,T,117.102.91.17,1971-07-27,7066,**9IgvXgex,"Eius asperiores nesciunt est asperiores adipisci. Nesciunt culpa ex vero voluptatem at dicta. Quaerat perspiciatis error maxime aliquam porro nam."
0cdbbec15acc4a32a0688295314a1329,kennedyheather@sawyer.net,841383214,D,129.9.60.169,1998-12-23,9073,^Rt6Bl0r4O,"Pariatur dicta recusandae maxime quia. Eius fuga qui nisi ex quisquam sapiente. Accusantium commodi dolorem vel quas repellendus modi nemo vitae."
0d5d51371f5f432e9fd6d5c85348e568,claytonkeith@hotmail.com,796714003,L,181.154.7.92,1975-06-11,9490,!XHhBAJ6(6,"Inventore sit quidem animi adipisci consectetur unde doloribus. Esse sunt perspiciatis autem quia."
0efd85e365184028bdac36cf652d3632,rachel61@hotmail.com,9279,O,50.110.237.118,1987-11-13,6081,@9B5#Zmkh(,"Sequi ipsum tempora voluptate doloremque dignissimos similique blanditiis. Tempora minus libero eius maiores porro consectetur tempora. Blanditiis amet unde nam. Fuga et consequuntur expedita."
12ce6fd7140a484b80edd2a81f6021af,johnstonangela@yahoo.com,522,Z,91.66.104.103,1993-11-04,9496,vzu3HclQ&6,"Ullam praesentium dolore mollitia incidunt nisi explicabo. Quos accusantium doloremque assumenda debitis odit. Eveniet culpa eos aut eaque. Perferendis pariatur omnis distinctio et fugiat."
12e35b66bf4e478e82164c7cc067a656,ashleygilbert@gmail.com,5,v,79.231.45.186,2009-10-20,4331,6)0Gvyk$h8,"Nobis ducimus temporibus necessitatibus quos qui id. Iure quas molestias fuga. Deserunt atque quo expedita laborum ullam."
1394b59d27ca4dc38a541d42c5c18337,jjohnson@bartlett-boyer.net,529493003,h,138.14.227.240,1979-05-20,7229,^7+Px06jyH,"Quis doloremque vero minus deserunt hic reprehenderit nulla nisi. Voluptate dolore alias similique officia exercitationem."
13bbbfc4793347c4a3dafd1c3421b797,hansenmark@walters-jenkins.com,107831,d,214.234.131.116,1993-04-10,3342,q*5Y%O*k$!,"Dolore cupiditate similique dolore qui. Nobis nulla corporis vitae quidem saepe exercitationem."
16126bc94c1c4ba8b6017b7968fc07ea,eboyd@hotmail.com,83508,f,108.239.216.104,2004-11-10,5501,@6V92Xm^w%,"Inventore officiis exercitationem consectetur qui odio. Nesciunt fugit nesciunt sit harum culpa deleniti repellendus. Assumenda id quis molestiae voluptates sit illo."
17bb7d07259c4ca084f6b5758fd33766,garciarachel@gmail.com,2705,g,60.191.225.111,1992-08-08,4721,+Zu6eKZjYA,"Tempore aspernatur maxime quia sit explicabo animi velit. Fugit eaque atque temporibus voluptate ea fugiat consequatur eius. Sequi incidunt saepe tempora illo laboriosam perspiciatis architecto."
1921be71b33a49d483dce68c3472fba1,yrobbins@moreno-phillips.info,5,K,244.132.56.17,2013-08-04,5663,$uYp2LXYu9,"Labore voluptatem repellat perferendis eveniet quos sapiente quos. Nam velit magnam nam. Sint natus deleniti illum laboriosam corrupti. Doloremque minus minus architecto ipsam aut temporibus nihil."
19783a15c96747e7b359d3d146cfdfb4,donnawilliams@shaw.info,9932,L,209.185.223.11,2002-12-24,3543,)8CEBJvp!2,"Velit quia perspiciatis molestias facere. Expedita occaecati sequi ducimus eius minus maiores excepturi. Maiores fuga ratione eos dolore. Veniam quibusdam alias et maxime doloribus ullam."
1979ed556fca4645aa2d4954d4e0dae4,david37@yahoo.com,101,X,214.113.157.66,1979-02-25,6289,_8O*Onu%)C,"Inventore sit porro ad ut autem perspiciatis. Ducimus nisi fuga repudiandae aliquid. Odit officia cum exercitationem dolores."
1a4c2698906b4b6e94af14be12624e2c,gordonlaura@hotmail.com,4006,w,182.217.109.217,1976-10-29,7495,HX!9Ounb*P,"Nesciunt nulla veniam libero. Tempora reiciendis delectus molestiae saepe voluptates. Ipsa alias eos dicta enim est debitis libero esse."
1e831da75a0941768c830bae3c38b0e2,briannaford@yahoo.com,7944,b,165.224.47.231,2017-01-16,8358,*91Qjljh)L,"Recusandae cum aut optio expedita in tenetur. Vel aspernatur voluptas debitis deleniti perspiciatis ab. Voluptatum esse deserunt vero minima. Nisi officiis alias ratione nulla."
1ed1158ddbe7429b96b25e04d8b25e22,rpowers@johnson.com,572546,l,183.208.191.204,1974-04-25,3296,#j7R#Mk4*7,"Modi exercitationem neque error ad. Unde facilis vel ad. Ea alias asperiores aperiam natus illo et dolorem quos."
1efb22ee8de94426956a98cb25b83677,jodidavis@long.com,54,u,46.178.145.179,2015-01-03,8563,57XAHb4b(z,"Id nemo sint accusantium. Deserunt repellendus hic corporis suscipit ipsa ad molestias. Ab exercitationem nobis pariatur officia omnis fuga ipsa."
1fa3249bf059416badda50b3f410c086,bsolis@yahoo.com,9814841,Y,126.41.29.180,2008-10-14,1291,RY*7Yj4R@O,"Quis numquam nostrum iste provident ipsam amet. Voluptatem id repellat voluptates quod voluptates animi. Nihil quas corrupti quas ut."
20c0271f617d40318a45c4c85d0f8574,wendy23@gmail.com,0,h,155.221.182.245,2007-07-26,7996,$VG*xO!zu1,"Saepe non voluptate quibusdam. Accusamus quibusdam tempore quas earum. Eaque aliquam pariatur exercitationem accusamus autem. Veniam illum aperiam inventore pariatur nostrum quod."
2554e039f8064d299a2e13e07d9f8944,debra64@yahoo.com,74537,X,49.228.154.47,1978-07-04,3583,!4RgZu!tL_,"Ratione explicabo porro adipisci saepe. Quaerat cupiditate illo eum."
2611d0cb654a492c9d29527ff8f96b3e,pcarr@wallace.biz,850,a,29.219.21.113,2018-02-26,22,39Az&JLo@e,"Placeat illo dolor fugiat nam repudiandae expedita magni. Debitis ratione omnis magnam possimus nihil labore non. Velit eum et ut mollitia praesentium exercitationem ab."
26b560984f3c46939b1c5f32bfefb8aa,bmiller@rodriguez-collier.com,1,z,201.187.151.224,2017-05-30,1450,#4rYo$IyV*,"Soluta aliquid maiores veritatis veniam aspernatur nam ut consequuntur. Tenetur voluptatem error earum sint quos."
2718f89f17294fb1bfd8cded6c740147,brianlee@vasquez.biz,0,s,98.124.9.247,1973-05-20,8395,@v+me_Vc9x,"Doloremque ipsam velit enim. Est repellat porro eius facere earum in. Cumque dolor tempora nulla veritatis pariatur voluptatibus ex. Totam voluptatem hic possimus aspernatur voluptatibus itaque iure."
2721c759d21b4c7da2b816148425e237,choward@wagner.info,94,A,173.3.72.240,2009-04-28,187,zZeA&n_v+7,"Id cupiditate impedit voluptatibus ab aut veritatis. Provident atque molestiae necessitatibus. Provident nostrum vitae explicabo commodi temporibus. Laboriosam natus explicabo eos nisi."
2c7ab42742864874a4204a98cd24174e,qsmith@yahoo.com,419749,d,220.135.247.254,1973-01-28,7899,%NRTNwKk@6,"Incidunt hic eaque quae adipisci. Fugiat hic fuga neque veniam. Esse voluptatibus labore illum quaerat dolorem excepturi."
2caeb478b0f7472ab26592cafd88620c,debbiehart@hotmail.com,447817,Z,22.91.214.21,2018-03-12,3316,jy)Nx5RxJ6,"Laborum magnam totam doloremque amet libero inventore possimus atque. Ad nemo labore dolores porro voluptates. Dignissimos natus nisi illum."
2d1935f7c0d4478eaaa880e98e9d15a3,smithmaurice@hotmail.com,9,R,207.64.96.50,2013-11-09,6280,JpZ3$V%b$T,"Qui similique culpa occaecati aliquam animi assumenda. Perspiciatis molestiae quos sint magnam laboriosam nam error. Modi accusantium natus odit laudantium porro totam necessitatibus."
2df5b73c5f58428db5ee14d89d526ab0,victoria65@wolfe.com,30,c,138.77.9.166,1980-03-04,1925,9)E3ksQX(l,"Vero odio rem voluptas accusamus aspernatur tempora inventore tempora. Sit aliquam sequi accusamus dolorem at. Enim fugit doloribus aperiam quam."
2e7ec6ba9dea48329f3b9f8a81fd9483,emily99@alvarado.com,868740221,K,154.255.230.213,1973-07-26,3427,+9INpiKNr$,"Mollitia excepturi odit deserunt aspernatur itaque magnam laborum. Repudiandae debitis eveniet inventore minima nam repudiandae. Ullam debitis vero molestiae porro."
2fb38a40e0d047f389abf62117fa9dc6,smithsamuel@cooley-mcmahon.com,3872502,U,123.90.182.167,1996-06-13,6430,&h+5JCEPA7,"Doloremque exercitationem itaque fugit veniam. Aliquid nesciunt assumenda harum nulla numquam molestias tempora. Sint voluptate esse rerum consectetur."
32c3989bb27c4fe182a4c0dd33611a94,jason82@yahoo.com,115475221,S,245.3.115.252,1987-07-15,5629,5n&R8gNaeS,"Illo sequi dolorem sequi et minima. Occaecati ratione facilis placeat expedita. Consequuntur inventore repellendus ratione odit corporis ut accusantium."
330e054c1a8b4e818592ff6ce19a98bd,cthompson@hotmail.com,7775995,g,152.167.112.183,2001-09-02,7644,A%Ey3FqxUE,"Iusto consequatur adipisci et. Quisquam assumenda in deserunt nisi fugit. Inventore culpa magni incidunt nemo. Impedit magni temporibus aliquam veritatis laboriosam."
33e86f6c9b654a55ad0ea76363cf6779,ejohnson@hotmail.com,541279,D,97.204.200.40,2007-08-19,2569,$e4NBq&QDM,"Corrupti quisquam consequatur neque quia sint fuga commodi. Repudiandae expedita quo cum ad ea delectus atque. Tempore dignissimos in ea. Soluta quam doloribus minus ut quaerat enim nemo."
35c1659d99b641f8ad12da7741a7bfd2,billbell@mejia-gross.com,10467719,g,23.148.131.181,1971-09-12,9665,*1P7@j4ebI,"Saepe ea natus voluptate eveniet. Voluptas sequi accusamus autem quia perferendis iusto natus eaque."
3da6c4d14fe9479e98e0f1b8d9d79d1b,rtravis@mays.com,9304693,k,44.164.178.36,1982-08-19,5093,_uKJmgGd89,"Dicta laborum similique distinctio mollitia. Quasi recusandae iure molestias architecto nobis libero. Ratione ipsam laudantium nostrum earum ex. In laborum ipsam itaque quas."
416573c8ec5d478d9a5eb35f73cf589c,curtis85@gmail.com,775178630,n,15.89.58.168,1996-06-21,2758,_Cj!!GlQ0E,"Perspiciatis at sint facilis mollitia. Eos distinctio esse facilis officia sapiente. Tenetur quam harum aut iste perferendis placeat. Quo odio temporibus modi corporis numquam."
41e1bb8988544070a89f6f56a5d49f58,coxbrian@hotmail.com,5123093,N,253.47.159.155,1972-10-30,7634,j1HzHUVX*^,"Assumenda quaerat animi culpa explicabo. Dolorum explicabo esse quibusdam consectetur distinctio voluptatibus. Aliquid odit ex ex consequuntur unde ipsam."
42bd8b58960149adb21bbe48c052946f,mariasnow@hotmail.com,0,E,102.192.242.117,1993-10-20,4973,x7(fy9t0%K,"Fugit consequatur alias natus a. Earum eos similique atque facere animi quisquam. Ad quod tempora omnis voluptatibus nesciunt assumenda maiores."
4495be3a92fb4d5fa0170bebe5810c5d,ojohnson@gmail.com,29857,P,75.132.123.8,1997-01-25,6684,0$COGSey%I,"Animi tempora fugit itaque repellat explicabo at facere. Consequuntur nemo quibusdam aperiam facilis. Quas in ea laborum eum."
452aa9923b064cd5aeb52bd0070163a9,lgrant@hotmail.com,556794169,Q,100.124.130.141,2010-10-10,8953,B4QiBOcQ^7,"Atque quibusdam ullam dicta. Possimus facere quos facere. At rem eligendi id quibusdam harum repellat fuga iste."
4530806427a6494c83bc13570443d8a0,kpaul@gmail.com,60,T,160.39.8.142,1976-10-09,3488,J6G3AwQm^A,"Amet sit aperiam sapiente ex autem expedita. Corrupti deserunt minus laboriosam magni. Dolor blanditiis nam rerum. Est eaque excepturi ut."
45c3c999d67d4d7885044ca313940288,bennettmark@snyder.com,96,D,121.246.34.171,1993-12-04,4846,^d&HhWJt04,"Suscipit dolorem soluta doloremque odio eaque dolor. Blanditiis doloremque quibusdam voluptate cumque inventore hic ab. Eligendi aliquam nam pariatur excepturi consequuntur maxime."
484f14ffee114b40b617d0c80f4cfab5,richard85@wilson-george.net,0,Y,18.76.161.88,1999-05-05,9999,t@b9AiDc(H,"Eveniet dolorem minus nulla facilis odio dignissimos. Dolore dolorem nesciunt ducimus minus ducimus maxime. Voluptatem omnis officia nostrum dicta."
489b9e41f0fb4c43a0362e912659acc0,hammondrobin@hotmail.com,68418089,U,78.53.232.21,1971-08-21,4871,)dHz9QsnsZ,"Sequi nesciunt nam ex est esse. Amet odio nemo aliquam quod quia. Illum porro fugit esse nobis iste voluptate animi."
48a7af1fec5445099c1435fe6cb5fb10,lpham@hotmail.com,36281,g,231.48.170.14,2003-03-23,3542,ObZ5%n(o^8,"Inventore impedit nemo aperiam hic corporis eligendi. Nam vitae harum earum dolor ipsam. Incidunt quibusdam quam distinctio doloremque libero eos. Beatae expedita qui natus."
4904841a05dc4dc79f3159d4b72c893d,whitneyadam@joyce.com,0,Z,124.53.151.28,2009-09-26,4471,0G_6zWds@y,"Debitis eaque similique porro. Id harum quos iste nihil. Facere ad in quam modi neque. Fugit provident consequatur voluptatum aliquam harum explicabo magni eos."
49ca69a660dc4f9fb7d4e2b82b71a1c7,martinlamb@moore-lane.biz,5450,w,96.213.103.109,2012-05-28,2207,!T2We96fAa,"Nulla corporis laudantium est libero voluptates. Asperiores dolore consectetur animi occaecati deserunt alias. Ab excepturi non at id."
4a12f21ccb58474487cd0d7b394118bf,jonesbonnie@yahoo.com,76670,h,48.82.122.197,1992-06-19,2270,@8&cxeJxVH,"Adipisci illo aliquam nihil fuga assumenda dignissimos incidunt eos. Facilis beatae excepturi quos iusto et dolores. Cumque quasi voluptatum reiciendis eligendi in."
4bedabc25e0f43baade9ad68fb393511,michael60@williams.com,604627683,m,6.78.105.146,2006-04-13,1690,s_9RQUWf_9,"Delectus in nam explicabo totam expedita animi. Explicabo ducimus tempore ut sit cumque dolorem sunt aperiam."
4d209db59c8349c48238f336b6b15f7d,john97@hotmail.com,656,D,165.189.52.206,1988-09-11,7337,$J$dDTVs*0,"Doloribus saepe ad doloremque voluptate autem itaque. Omnis quos adipisci nulla illum dignissimos. Officia et ex omnis adipisci minima."
4d40c1e257574dd5afa68913bf2cf5d5,susancunningham@hotmail.com,2487345,v,52.236.72.239,1989-01-07,9882,FIR_J6Bp@&,"Labore sequi culpa natus laborum eveniet illo explicabo. Debitis ullam nesciunt ad dolores nulla. Similique autem atque animi facilis."
4d45c2cc26224976958ab1949db18219,hector55@anderson.biz,62,o,174.118.13.7,1976-07-03,3094,%G&7P(fsp7,"Exercitationem consectetur odio id. Totam quas tenetur iste placeat accusamus suscipit. Sit amet earum voluptates cumque maiores sed voluptatum temporibus. Iste eum molestias soluta alias quis."
4e2b704f134744a7bd5c540278f49e67,darlene60@escobar.org,200,y,231.55.98.130,1977-01-08,5477,Vt8RFaErU#,"Quis quas vitae iste expedita sunt. Quaerat mollitia numquam temporibus voluptas ea nam. Nobis modi pariatur at optio harum doloremque sunt. Recusandae expedita corporis ullam dolorem."
504f289e6982495b8dee552167b00e07,wrightkenneth@gmail.com,6,v,108.91.90.142,1972-10-30,2062,1q6MjkHq*^,"Nostrum repellendus aliquid sapiente. Unde quam blanditiis quidem reiciendis. Deserunt accusamus voluptatibus quaerat doloremque. Dignissimos veritatis natus nisi soluta culpa magnam deleniti."
511fb7a2801c4fa19c990ae89e72d8b0,laura87@vaughn.com,0,b,120.200.121.74,2004-09-20,5935,%4DB%3ayu8,"Expedita earum adipisci iusto architecto aliquam provident sunt temporibus. Nesciunt repellendus doloremque voluptate officiis. Mollitia quos quisquam amet suscipit voluptatibus sunt veniam."
521624d92fcd4f378812e8ae60600dfa,williamwright@smith.info,733016110,W,133.56.152.242,2007-07-22,151,&Wr(Se5d42,"Nemo quidem minus minima iusto. Voluptates est deserunt explicabo commodi reiciendis dolorem aliquid enim. Aspernatur mollitia commodi ex earum. Ipsum possimus provident adipisci rerum."
52da64c0fcf94fefa217821048a4107f,tammy83@murray-wilson.info,920988,H,213.75.126.147,1983-06-14,8187,k)Y@2QtsxA,"Eveniet expedita occaecati fuga voluptatibus vitae quidem. Iure beatae blanditiis quibusdam tenetur vero. Consequatur quas odio voluptatem."
53a1c7a0a61641ffa87e7bc122f0b1eb,hannahmanning@hotmail.com,1,k,163.98.5.192,2000-12-28,8503,h)EPE^m+@0,"Impedit commodi tenetur sapiente architecto. Sit voluptatum aut voluptatibus beatae quidem ad. Voluptates aspernatur expedita blanditiis exercitationem."
55e3ba02e578425e9c2619e3c9eb282f,millersteven@yahoo.com,9261926,h,73.43.71.64,1970-11-04,9235,*2n&WRxL20,"Itaque et labore inventore facilis ratione. Numquam asperiores saepe incidunt molestias. Occaecati nulla porro rerum."
58145f0f26ac4a148bdba277993e25c7,bellisaac@gmail.com,4232561,p,90.245.1.205,1999-01-18,4053,$0c#AYtl5_,"Reprehenderit exercitationem rerum corporis assumenda voluptate. Blanditiis tempore iusto dolores beatae. Nostrum exercitationem nobis autem maiores excepturi."
5896c97530124617bfbde046d9ac88e3,bryanlopez@gmail.com,3378582,k,135.51.17.233,1976-03-30,6201,@6dER0$sel,"Incidunt consectetur explicabo qui rem occaecati minima quis. Ipsa delectus laboriosam ducimus voluptatem."
589d372d6ed445579200758edc4acd8b,kimberlycollins@coleman.com,89,B,227.83.193.116,2014-09-08,7234,MO1BnvWx+K,"Eum rerum eligendi ipsum reiciendis tempora. Quod vel beatae perspiciatis rem odio deleniti. Laudantium corrupti accusantium recusandae consequatur aut. Assumenda atque ipsa deserunt ex."
59347eece558461688d357e41ddb0b9d,sonya37@lawson.info,7931,u,28.67.244.210,1984-01-22,748,+5QQA7J@&f,"Excepturi dolorum nam velit occaecati dolorem voluptates veniam. Quaerat quam nobis sapiente delectus temporibus corrupti mollitia. Enim ipsam sint assumenda corrupti."
59c76b574fb44b489c3dc248d0d575b2,cfuller@hotmail.com,919472,i,197.27.157.251,1973-04-21,2530,iV20ZvFRx^,"Consectetur placeat cum qui quidem animi. Necessitatibus laudantium illo exercitationem dicta minus facilis. Voluptatum corporis delectus totam."
5a3ed79631a44fd891ebcb0cef429ed3,nicolefrancis@hotmail.com,25947,T,5.185.53.249,1980-01-03,7387,Eb8vOWCY)3,"Soluta occaecati ratione beatae molestiae dolor nostrum. Architecto consequatur sit nemo fugit laboriosam iusto. Iusto animi cumque facilis eum deserunt officiis."
5af30974ef494604ae3ac048bcb5ca8e,louis48@gmail.com,7010,D,183.200.135.254,1991-09-01,5225,V6jyUJcv$v,"Asperiores mollitia itaque quos delectus sed aut ab. Temporibus aspernatur deleniti laborum praesentium voluptatum esse. Ipsum debitis deleniti laborum quo. Sunt sunt maxime quo veniam ipsam."
5d72b33c2ed44830a347292b1c0906c5,riverajessica@jones.com,711551,b,79.201.32.229,1980-09-04,4591,_6*DDuq6wp,"Temporibus amet dolores occaecati ut itaque nisi autem dicta. Temporibus dolores porro mollitia voluptatibus perferendis voluptas."
5d948ceb2a8b44d48cb49ecdc0450409,bwallace@bailey.com,9228,N,226.183.120.241,2003-09-19,1789,E*4AGqkuOr,"Non ducimus eos sunt vitae odit atque. Illo delectus quisquam nostrum. Minus qui facilis cupiditate recusandae exercitationem. Hic dolorem eveniet debitis sed."
5ddabc79e9b24baeb440f17ed8fcca6e,bryanadams@sanchez.biz,159561156,N,29.164.202.83,2011-07-31,1004,SZJ3tOj^*O,"Excepturi dolorem quisquam fugiat suscipit. Culpa voluptatum temporibus quisquam iure nobis. Cum numquam quia repellat repudiandae. Eos quae magni placeat at cupiditate excepturi."
5e04b9831e61469b9dd7225ef8ba8701,cory44@yahoo.com,9456691,p,49.84.172.223,2004-03-27,134,gEbh^0OmD@,"Quibusdam veniam amet commodi eius. Necessitatibus nihil sed odit harum officiis."
5e84e0d1543c4ea5baf399b84289ec9d,qhuffman@gmail.com,6525,u,249.52.204.109,1997-03-27,4445,p)g2JBqCy7,"Aliquam sunt exercitationem doloribus blanditiis reprehenderit magnam commodi maxime. Libero enim minus ea nam sequi. Iusto nesciunt itaque accusamus labore repellendus est laboriosam."
632de50428e64ce8acb37d2b479cfaeb,rhondaobrien@gmail.com,31253,V,169.83.187.69,2012-02-02,5944,@ONSAGhHQ2,"Laudantium nihil sequi illum ullam. Totam voluptas quas a quo in. Alias vel culpa id doloribus. Pariatur praesentium fugiat odio fuga voluptates."
6569d7ed874345018c55dec54cd95af1,cookerebecca@lucas.biz,9106119,t,39.115.181.230,2001-09-30,547,J505jkgr(d,"Quod iure labore eum dolorum repellendus aperiam explicabo. Consequatur corrupti expedita error animi architecto optio porro. Optio omnis sed eaque iste soluta voluptatum nostrum nihil."
66120c09acbf4b29a0765ebb5423754b,robertsmichael@hotmail.com,7675880,P,181.38.124.142,2007-09-15,8733,e7J_A^Ih@j,"Corrupti quod quaerat accusantium vero. Explicabo doloremque velit itaque sunt alias. Occaecati qui officia blanditiis vero exercitationem nam eligendi."
67a84f8044ae4e1cb8e8f10ecacd4fd4,kleintyler@hotmail.com,4,g,210.26.195.246,1976-11-10,1879,_ZDz&kULf9,"Nobis voluptatum vero quod rerum. Vel iusto dolore eum ipsam. Consectetur dicta praesentium enim animi."
6b5f7c19019c4b558afa112d408a62b3,ashley08@gmail.com,62,S,160.223.109.68,1977-04-13,3337,!E2tUfzcC!,"Incidunt impedit excepturi magnam dolore qui architecto placeat. Beatae recusandae quibusdam libero quidem dolore aperiam quam. Non cupiditate dolorem ducimus."
6b80af6351d1450c8c31d06c8f40ac59,zperez@yahoo.com,0,f,159.172.66.95,1972-11-14,2011,oKID41Kb)(,"Porro asperiores sapiente temporibus a iste. Ea animi earum quisquam sint minus maiores ea. Eaque expedita rem porro deserunt. Eligendi perferendis nesciunt perferendis quae placeat."
6bb7300ab4b14478aee3b9dddc6ad02d,kristina03@ellis.com,961309,F,38.215.167.225,1980-10-03,3747,rtt%RfGp&5,"Perspiciatis iste officiis non enim nam eum nesciunt delectus. Inventore tempora adipisci itaque laboriosam laudantium officiis. Quidem quasi temporibus nulla temporibus adipisci et sequi."
70a27f2cd5944d51819fb5885af21777,kendrabarron@hotmail.com,397472,K,221.231.84.214,1991-04-13,9384,&4Arzn&yf4,"Dicta totam delectus quibusdam. Tenetur laudantium cumque aut iure expedita animi ullam. Fugit facere nisi corporis quia consequuntur. Itaque quo reiciendis at ipsam aspernatur."
70e1895de65348498a27cede11d381fa,gonzalezrobert@bell.com,79,x,251.144.75.52,1976-02-18,4251,@0BjklQ^4L,"Qui dignissimos dignissimos atque at ex nostrum. Quam pariatur aut ut. Enim quo consectetur consequuntur et vitae. Et tempora officia ducimus assumenda maiores debitis voluptates."
735a53db6d7b461fb4359a1db7378213,alexandraellis@charles-clark.com,0,j,147.213.1.87,2009-02-12,3602,#c%4WIr6G4,"Exercitationem sed labore consequatur. Id enim ad soluta. Possimus ipsa facilis consectetur nihil commodi."
735b7774f8a743e68c3df4100fecdfe8,vandrade@hotmail.com,2583033,B,247.150.135.4,1977-01-27,4748,WLNN8Lhi@9,"Possimus quaerat eaque cumque ducimus aspernatur cumque. Enim cumque quis exercitationem earum."
74f077e9b7ec47699e6fa86ed0487000,sanchezjessica@hotmail.com,5843399,v,156.212.44.177,1974-05-19,8547,o9M!w2Qd$&,"Quasi est aperiam quia quas. Et nulla blanditiis distinctio voluptas. Quam repudiandae tempora mollitia modi ipsum."
750902523f6a449ba326beffc1ebc4dd,kevinpowell@yahoo.com,0,z,119.250.241.182,2003-06-23,3333,%VE74IGhqa,"Iure possimus fugit ad vel assumenda. Earum eos pariatur beatae alias quae. Culpa nostrum delectus asperiores fugiat nostrum."
7520731747bb43c1a8438956cbb6d5d4,phuynh@sheppard.com,99764,C,21.249.141.182,1972-10-02,2278,!9K5QWhqA@,"Earum corrupti cupiditate sint praesentium. Vero facere animi perspiciatis temporibus consequuntur. Harum odio alias ea. Dicta cum quis blanditiis repudiandae."
7634d53bb6ec44a3840183d362eaf0eb,bstokes@garcia.com,6280504,S,228.117.240.173,2014-07-12,1640,)gBsj2fW32,"Commodi error ex nihil est. Magnam et harum exercitationem culpa. Praesentium voluptatibus labore blanditiis provident nemo. Et similique quis repellat dolore odio ea."
78d5a85d40e94f6681663c87e075a32e,turnercarmen@hotmail.com,1,U,32.237.202.125,1978-03-19,5551,_L*X!@g6@8,"Natus sed a eligendi deserunt libero. Quisquam voluptates quibusdam fuga optio."
7bf63e4ef9704d319ebbd79ec9b68eae,greg61@gmail.com,918255847,N,199.42.131.135,1970-11-20,1825,%6*7Qr2tI9,"Quis maiores id itaque. Maxime sapiente itaque eos qui illo accusamus. Explicabo quis quam ea quae doloribus tenetur quod deserunt."
7c441a15d77141b58699b97ec67d8ec8,sawyerkathy@scott.net,8,A,195.109.28.57,1989-01-06,3241,ud6K@yMx&j,"Corporis voluptatem facilis natus quidem. Illum beatae molestiae dolorum facilis totam perferendis."
7d343ad4ad5e448db2e41d36c4450659,jacksonnatasha@gmail.com,128296,E,181.123.28.243,1992-12-21,1256,p8MifYTp+q,"Asperiores excepturi dolores vero quis perferendis. Tempore numquam suscipit dolorem dicta. Itaque aperiam id molestiae suscipit."
7e250d339d07417d92eab593599bb378,nicole11@yahoo.com,23,k,251.111.69.167,1992-07-26,7395,$K69+QVoPw,"Repellat laborum doloribus reprehenderit ea fugit placeat explicabo. Sit perspiciatis ratione temporibus at."
7ea7dc4e33374a37a5091cc978e485db,mmckay@hotmail.com,7,x,24.26.54.31,1986-10-22,2173,(h5H0HfcTo,"Excepturi ducimus omnis incidunt possimus quae impedit fugit quo. Odio voluptate quis illo architecto ut. Tenetur inventore labore qui possimus. Quidem hic rem beatae autem pariatur."
7f249d2ffd2348c9af1ef7202532f430,andrewhayes@gmail.com,578159,m,225.138.1.29,1990-03-02,3928,&8aVrS50UM,"Perspiciatis odit sint ratione quidem necessitatibus nemo. Eligendi fugiat ab pariatur minima quod modi facilis fuga. Nulla earum natus saepe adipisci. Harum minima a quis quos commodi blanditiis."
85dc53a1642c4d778bf61bd7cf3121eb,joshua51@lang.com,265,U,178.132.7.94,1993-11-04,8322,w7UUAuCs^N,"Esse blanditiis inventore ea eaque dicta. Voluptate quidem illum magnam aliquam. Sed fuga harum voluptates voluptatibus. Eveniet quaerat nostrum sequi nostrum est quam a."
860b3ad054fc4d94b9760271c5ebfd95,reyesethan@gmail.com,412582390,C,213.51.45.228,1975-01-08,8908,o+4AXKdq)h,"Accusamus porro error harum. Iure eveniet cumque eum velit doloribus delectus. Voluptatem quis sunt rerum soluta."
876f47a9a0114715b8a74f3b90385f4f,andrewallison@gmail.com,968425,j,220.131.155.34,2008-12-31,3859,(3&8QIgW)m,"Minima amet ut aliquam sed quae. Ex necessitatibus incidunt illo voluptate sed. Distinctio nulla laudantium tempora expedita magni."
8885818bc9764a7fbd0a27dae47ea77c,sfrye@yahoo.com,3,F,244.235.173.182,1979-12-15,7559,)bg40Okm#X,"Molestias non possimus rerum ullam. Quisquam vel ipsa vel deserunt molestiae asperiores maiores.
Consequuntur adipisci labore cum tempore. Doloremque harum voluptate numquam sed."
8a3a791e1a4943a49a2f9279331addad,arichardson@evans-hays.com,34226,p,172.230.151.21,2000-05-02,4453,O174JpA0T*,"Consectetur corrupti voluptatem voluptate rem. Cumque nobis veniam tenetur sed temporibus repellendus.
Asperiores quo fugiat doloribus atque molestiae. A nobis magnam veniam eveniet error impedit."
8abc7917005f4af4b1d88648ee6b523c,rlee@yahoo.com,613,k,116.31.68.120,2013-05-13,2181,w(6YBr8R0i,"Dolor dolor non mollitia asperiores ab quod quidem. Dolore nesciunt debitis repellendus. Ducimus architecto modi aut harum veniam eaque optio. Pariatur delectus veniam sequi pariatur repellendus."
8b1b420bf04349d5b4bc3df60488dcb1,christinalong@hotmail.com,847295,C,196.58.107.12,1989-01-06,7857,0MBH$tCD^D,"Accusamus recusandae culpa nisi iusto incidunt magni tempore odit. Quae asperiores eius at minus asperiores omnis. Quibusdam cum sunt officiis dignissimos hic iusto."
8c314d8f7f5e4dd1936b7cdce36569ec,lawrencethomas@hotmail.com,7103326,b,189.233.162.95,2007-07-26,2611,Mo6K7m%++n,"Commodi nulla maxime aut neque eos. Tenetur est libero aliquid. Ea perferendis occaecati hic mollitia. Delectus quaerat cum quia illum distinctio molestiae dicta."
9095dc008d8b40089eabe108549ad008,vbauer@moyer.com,792,O,230.118.87.132,1997-12-26,9475,N(8wOAtcr(,"Suscipit a totam accusantium eum veritatis. Dignissimos enim aspernatur asperiores quisquam voluptatem. Nam est ad ut voluptas ea commodi maiores. Facere pariatur eveniet possimus corrupti neque."
91dbb47f3eb34b7090b2f76b88461a12,eobrien@gmail.com,0,f,157.213.1.166,1998-08-14,4882,3lLdHocw$h,"Totam possimus nobis laboriosam. Quod cupiditate nulla itaque fugit officia corporis. Sunt eos optio nobis quae. Sunt quisquam quia harum."
93669ab1818d4792b0babacabdbf5cd9,joseph68@cook.info,89844872,Y,207.44.32.147,1986-06-18,4347,7k9N#jt+^a,"Molestias distinctio inventore laudantium et sed sapiente. Numquam consequatur doloremque alias itaque harum nobis. Quisquam aspernatur fugiat soluta facilis incidunt."
93b4bd74355c488c869cb63571ffe194,escobarjames@gmail.com,5,s,33.189.0.216,1987-07-25,535,qtM)&xsw#3,"Beatae harum praesentium delectus veritatis natus expedita. Repudiandae a quo vero iste. Sit vel beatae ipsa."
967da23ac25044a299ac68545737b510,taylorjack@smith.com,0,V,165.95.183.248,1978-05-22,2141,)5UIMi2RSh,"Architecto veniam vel debitis numquam totam. Dicta magnam labore hic adipisci."
96bef09dab144995acff1bd0f7da6a0f,jessehart@hart.com,765697829,B,59.139.213.187,1997-11-24,2600,q98yXDUbX@,"Eaque incidunt qui rerum quo sint labore. Cum possimus nulla ducimus sed. Ex hic illum optio expedita nostrum."
9725c01ca930425d9aad157ae3e5888e,gschneider@higgins.com,0,D,192.130.95.79,1977-01-19,2503,5DX735Lxt_,"Cupiditate aliquam corrupti omnis quis magni eius. Temporibus hic aliquid magni temporibus. Natus necessitatibus ullam quod."
9793ae24a7da4f1aa47d92293424445d,myersmegan@ryan.com,50,H,161.71.34.239,2005-09-05,4643,$xc@hIOh7g,"Earum ipsum accusamus sunt eum itaque minima dolore. Consequatur quasi tempore consectetur asperiores. Reiciendis ea laborum cum perspiciatis sint eius."
980d7f43ce1a483ea3b00ef040cce297,william70@gonzales.com,0,Y,34.12.203.123,1983-08-16,8333,#GW1(mKp9(,"Facere doloribus consectetur corrupti libero alias ipsam dolorem. Quibusdam facere tempore unde dignissimos vitae labore eveniet. Veniam accusamus aliquid veniam atque aliquam facere."
98a0514102af43eba0f6dde66ba676f1,haynespaul@king.com,21,G,83.79.133.140,1975-02-16,6710,*9@JOe!zws,"Voluptates est id eius autem. At quam voluptate assumenda consectetur libero vero excepturi. Ratione provident aperiam alias fuga consectetur suscipit."
998072d95f2040f4ab94081ae5865d43,fmoreno@gmail.com,3,s,11.194.97.210,1981-08-11,5874,+g7GDhJudw,"Voluptatum odio autem adipisci velit asperiores animi. Expedita pariatur expedita aut non ipsum. Laborum doloribus consequuntur optio reprehenderit provident ipsum."
9b2d60b2f5ba48b49c74dd3a2ac69ebf,hharris@yahoo.com,850323662,E,203.178.62.245,1995-04-10,7767,)7kKt6n!Qa,"Maiores suscipit autem recusandae alias quo ut explicabo magni. Aliquam repudiandae officiis a placeat molestias. Cum cupiditate facilis dolorum aut. Nisi eum neque laudantium modi minima ea."
9c23c22602fc4b429ed1e716e6cda22d,silvamary@gmail.com,885,p,70.223.96.68,1993-03-06,5029,#8OTL&@R*u,"Eos earum voluptates provident quod aliquam maxime. At soluta eaque commodi. Architecto harum labore officiis magni. Veniam consectetur eligendi quidem qui amet."
9d7819eca160441f8bd4c9ea52d0f6a6,kevin04@holmes.com,3937381,j,147.221.27.214,1989-07-21,1837,f#3OHH@lRD,"Minima unde deserunt accusantium adipisci iste numquam. At eaque eveniet iure minima veritatis. Incidunt cumque ipsam cum dignissimos magni aut."
9d80daae3d354c4fb5f4061f139ac5ee,marcus30@larson.com,5819706,X,19.132.223.144,1992-12-25,9024,+u#$IRnk98,"Reprehenderit quo qui laudantium earum minus assumenda vel. Quisquam similique magni necessitatibus nostrum quod. Doloremque saepe cum esse veniam dolorem quisquam sequi distinctio."
9feea3aa0c7d40ecb95256b495bed8f5,mandrews@erickson-green.org,513091,Q,51.127.254.88,1984-10-05,4518,S*b6Tp3sSM,"Facilis ex ducimus corrupti. Labore dolorum officia facere ad et nihil. Voluptate quae incidunt quidem mollitia."
a06fec7e48e44224a6652aa6bd5d9029,pennyguzman@mcdonald-sanders.biz,282641125,t,226.91.0.123,2010-04-17,5050,H$$9H#Oe_&,"Reprehenderit quibusdam mollitia assumenda adipisci error repellendus maxime fugiat. Quo necessitatibus fuga ex. Error amet nihil sint. Vero quis fugit nisi."
a0f4af9d9dd84d998ad54192d4539462,sheilablevins@wheeler-weaver.com,7202202,Y,60.108.197.27,1979-10-29,5642,%3GavcEK(r,"Modi harum in tempore. Doloremque incidunt officia iure dolorum repellendus. Neque odio nam aliquam soluta corrupti beatae nobis. Nesciunt autem suscipit inventore veritatis corporis reprehenderit."
a13930017b7a432cb39a3cf19f92a0b7,rhanson@thompson.org,0,r,129.154.178.101,1971-06-12,2460,)uK3^S5hNY,"Nemo delectus nesciunt numquam nostrum. A at laborum temporibus incidunt architecto quae. Quae ipsam eligendi repellat eos deserunt perferendis. Commodi molestias suscipit voluptatum ratione."
a1be10107e99432d863c89a3b213c24f,lynchcalvin@deleon.org,86739,J,132.240.149.165,2006-03-05,1998,!p8TqN@b+5,"Excepturi maiores dolorum ullam nesciunt id quos praesentium. Perferendis reiciendis praesentium autem provident pariatur. Aut in magnam accusamus accusamus temporibus."
a31b2adba1654e90943f0cc2fff24c52,kyle96@dunn.biz,2,K,165.114.219.18,1982-08-20,5049,$g3FLXNzDz,"Dolorem exercitationem architecto veritatis dolore. Deleniti esse nihil dolor dicta debitis unde asperiores. Velit aliquam corrupti rerum atque rerum soluta veniam."
a4c052775a5b433c876f95487b774954,jacksondawn@hotmail.com,85454936,U,49.173.244.70,1997-04-28,2686,M!6Eca6d%m,"Maiores ad tempora ipsum dolore delectus excepturi. Omnis illo inventore culpa praesentium enim. Repellendus illo nostrum repellendus labore nobis enim neque."
a4f5713aa11841f78651860e4df46881,brittany23@hotmail.com,4785467,F,201.178.17.244,1992-05-30,5314,@vCWTk1@G3,"Pariatur error sequi sed ipsam. Quia quod laborum illum maxime. Exercitationem doloribus enim odit perspiciatis nam. Minima porro asperiores voluptatibus optio."
a6966ace3c5645179687c11bd9fe59ff,ballanthony@snyder.com,5696052,x,150.64.32.202,1981-11-15,2685,$ps4VMj@R_,"Laborum qui veritatis officia voluptatem explicabo possimus voluptatem magnam. Impedit vitae quo atque deserunt veritatis commodi sed. Magnam nostrum impedit excepturi. At corporis veniam molestias."
a697cab5cd324f568e941ebb1ce32f90,griffincorey@gmail.com,0,a,152.39.42.200,2009-12-26,5619,F50EwHDbu$,"Alias facere pariatur tenetur quisquam. Quis sequi facere alias ipsum eaque fuga expedita aut. Magnam molestias ab in debitis nesciunt."
a6d8bb98698442e092bb984cda76ca7b,mooreashley@gmail.com,479525,H,114.85.60.10,2004-07-28,4307,_5BDbATcbr,"Quas expedita sint atque vero. Minus pariatur alias error suscipit corrupti molestias voluptate. Laboriosam reiciendis nulla quidem consequatur nesciunt est culpa."
a851390fc7224565834741919327642f,dcase@wade-flores.com,44771112,e,232.86.94.18,1974-09-06,9261,+vjHoASo+1,"Dolore mollitia esse est molestiae. Officiis facilis inventore minus nihil. Non vel voluptatum repellat nulla dignissimos. Eaque ad tenetur voluptatibus beatae."
a86749b3f9cb45d4a3f8234535e16666,kelsey50@gmail.com,562,F,40.67.164.92,1986-02-08,2542,Qx%(8J8y0R,"Rerum ullam non incidunt necessitatibus cumque inventore doloremque. Officia sed expedita dignissimos. Nostrum reprehenderit omnis labore eaque."
a8d0bec1736343d4851eee4d3b042059,aarondixon@gmail.com,538,k,13.115.7.67,2014-04-16,5728,P$8dGGr2I9,"Adipisci animi laudantium beatae commodi quidem unde fuga. Quaerat voluptatem ad accusantium nisi autem ipsum sapiente in. Molestiae corporis laborum sint velit."
aaf057d188d44fb79ba29d15f11c1a4e,frankoconnor@smith.info,228,R,37.0.228.115,2000-05-23,857,Ac0)PHjE(x,"Quis quidem ab aliquam iure voluptatem porro delectus laudantium. Atque omnis doloremque ducimus sint sit. Vel neque minima doloremque officiis dicta tempore nisi."
ab7e0b788f7b46cf940084c29bfd174c,chungmark@hotmail.com,618,g,84.76.81.31,1989-04-11,5174,g&3@Eob35&,"Ipsum asperiores quos quibusdam quas laudantium et officia. Culpa nam beatae cum fugiat corporis doloribus id."
ac657f9b647f48ab93af2b2a383dc9ae,nataliehernandez@hansen.com,402264853,P,181.211.7.86,2011-07-22,9585,4zzF)mk9^0,"Vero laborum temporibus deserunt natus fugiat. Quod nesciunt eveniet fugit sapiente eos ratione hic dignissimos. Ad sed quasi non accusantium nostrum voluptates laborum cumque."
acba22766f40475c901b9031ce6e9bd6,fyoung@hotmail.com,452832,S,96.143.117.84,2001-02-28,6460,##3r63n8PH,"Quibusdam architecto in in sequi et. Et consectetur distinctio molestias impedit a eaque."
ad98cb70dde34b05a3c783bb4683addc,jallen@gmail.com,63427,X,51.179.54.153,2002-04-17,7084,^T0TKWel28,"Neque vel eos ea ipsum ipsum. Alias magnam odio laborum. Neque dignissimos blanditiis dicta aut doloremque unde. Aliquam assumenda veritatis voluptatem commodi recusandae illo quaerat."
ae1929d4b2fc4e10927faa05db66d151,floreslori@hotmail.com,46184313,G,186.156.167.251,1977-09-25,6179,m#8liR%hbA,"Autem suscipit excepturi minus commodi. Numquam delectus molestias soluta officiis. A harum maiores alias quos beatae maxime fugit. Voluptas repellat quibusdam eaque vitae culpa quo dolorem."
aecbf7c9b8f94f349694c5fd6e272df1,laurenmacdonald@gmail.com,231143167,C,94.22.65.169,1996-11-22,8486,y!0AGk00!%,"Nesciunt dolorem dolorum quidem qui maiores totam aperiam. Delectus illum enim quidem. Aliquid molestias voluptatibus nam iure error. Velit doloribus ipsum facere."
af6f446812554c63a7dca924d4275cb2,john57@miller.biz,962079,s,109.241.44.196,1986-09-11,2306,_N89J1Cj(m,"Quaerat tenetur inventore perferendis eius id maiores. Consectetur dignissimos sit ullam nisi maiores cupiditate magnam doloremque. Quasi amet dolor cupiditate quam."
b1e2b4768eb948d995d4a6b472c3fce4,emilylambert@diaz.info,7,u,139.205.85.102,1973-03-05,1247,Xc_4Pq75b3,"Vel quisquam aut quae natus aspernatur. Culpa est illo natus voluptate enim maxime nesciunt. Eveniet saepe laudantium odit incidunt impedit ea. Fugiat nobis voluptatum soluta dicta."
b2573b2953674c68b226fd89d33c86f6,daniel47@glover.info,0,f,206.16.235.73,1995-01-10,1592,ekjg3nFgS#,"Aperiam culpa voluptates repellendus dicta doloribus numquam vitae. Magnam et eaque numquam deleniti voluptatum. Quaerat deleniti velit debitis rerum dolorum quo."
b611379c98664843a2f60880febe1b24,jessica30@schaefer.com,24,Q,223.69.113.178,1973-12-01,3029,&GY8+gyH&8,"Expedita dolor consequuntur maiores. Blanditiis minima nostrum magnam harum doloremque doloribus eos. Laborum excepturi esse perspiciatis perferendis fugiat beatae."
b7b927fe31af4dac82916f8195177ced,thomasbowen@gmail.com,15,z,31.178.174.61,2001-05-01,7213,N_3P%flPER,"Qui sequi recusandae dignissimos expedita eum quam corrupti aliquam. Ea recusandae cupiditate voluptatum quaerat iure. Illum blanditiis minus minus beatae fugiat. Odio fugiat doloribus animi magnam."
b7ed3c9f3c814b7f8081698f26c085f1,kreyes@hotmail.com,0,z,45.245.68.212,1993-07-07,6829,!2RfrYUHvi,"Impedit voluptates ad neque. Corrupti quia doloremque nesciunt autem placeat fugit eligendi. Quisquam mollitia suscipit perferendis modi quia."
b865b4f3acab4c5aa965fd3686e86d8d,williamsnichole@hanna.com,30393,f,231.47.143.107,1995-12-19,5548,Q&5P@2Pw_5,"Sed perferendis dicta expedita temporibus. Delectus vero aut saepe eaque totam. Culpa officiis aliquid dolore quia. Nesciunt quia dolorum corrupti magnam qui consequatur."
b8fe19158feb4dfbbd52752177709858,katherinejackson@shepherd-richardson.com,40,w,65.153.102.55,1982-01-18,6808,qyjAtlpl&9,"Eaque sed ut dicta quae. Molestias occaecati deleniti impedit provident sapiente corrupti. Cupiditate ea sequi odio veniam magnam voluptatum."
ba1f070a530a4ae4b1c2bb823eb7df25,steven74@hotmail.com,2893397,v,71.204.44.133,1981-12-15,2187,uDyoE8pr(9,"Incidunt laborum blanditiis libero quasi. Quas nisi ullam facere voluptate voluptatem enim. Vitae libero placeat sint labore. Libero iusto totam magni corporis."
bb304bbff6434f7d849d8a8ad3071fd5,teresaburns@yahoo.com,8019,D,121.86.239.226,1986-05-18,9933,lzUtdYrV+8,"Tempora animi et necessitatibus ut architecto distinctio inventore reprehenderit. Molestias illo quo officiis. Repudiandae itaque placeat similique asperiores dolores harum."
bd20422adc8b4c7bb27eca05c54e3c31,tfrederick@hotmail.com,448374636,p,66.159.92.119,1994-01-10,885,@m#WZjV_m8,"Quis laborum vitae debitis optio totam laboriosam. Minima odit accusamus laboriosam impedit. Aliquam veniam voluptatem non iusto. Dicta atque dolorum totam quidem culpa corporis."
be4523769ead48c9894365a5caef782f,anthony50@yahoo.com,0,i,1.101.133.2,2009-01-31,6052,+E@Z7uVx$^,"Fugit iusto excepturi adipisci. Dolorem iure laudantium quasi nam labore. Ea pariatur aut voluptates sit nam. Quas necessitatibus expedita cupiditate perspiciatis ullam exercitationem."
c0042a867c474f4592bfcf9fa3e1def2,marybrooks@kennedy.com,65100764,R,169.95.46.5,1973-08-22,7018,CiDOvrbl+1,"Iste rem sapiente autem odio dolor. Aspernatur consequatur ab repellat soluta doloribus quis dolore. Quis asperiores laborum odit harum sapiente natus odio."
c488930c2dcb48c2be0e763843f866be,krowe@mccoy.com,213109,O,28.230.111.225,1985-11-20,9176,gm1EKyjd&l,"Corrupti animi deleniti saepe id nesciunt. Esse explicabo eligendi sunt soluta quod. Delectus ullam accusantium incidunt incidunt. Laboriosam quo blanditiis tempora in sapiente error minus."
c8c4c798605f45e7beaeb2fa71a8546d,jcampbell@horton.info,39,L,142.221.151.70,2007-06-21,810,O)t$u0Bxkx,"Nulla exercitationem unde provident nobis sit ad veritatis odit. Eos animi sed animi consequatur optio modi inventore. Quisquam sit saepe impedit accusantium optio molestias."
cc6d564f9f9c4419a4bbf4726210fd90,thomas80@gmail.com,8085089,T,136.21.203.162,2010-07-17,7061,*KA8kFjgd4,"Corrupti maiores consequatur nisi eius architecto nesciunt at. Quasi possimus magnam eius recusandae voluptas itaque. Molestias aliquam earum doloremque tempora saepe."
cf6199ba870846e99d1feb0471f6c290,ehall@molina.com,281596,Z,126.245.233.35,2007-08-23,5241,#h6CregA_%,"Reprehenderit alias quas amet beatae autem. Perferendis temporibus atque id corrupti aspernatur atque. Perspiciatis voluptates harum magni. Maiores totam facilis accusantium alias eum autem dolor."
d3ab2276e4cf43dc8686dc6282cadafe,reneeberry@gmail.com,12261,H,32.10.118.53,2005-10-12,2265,&KVXiaPY4N,"Officiis officia quod facilis molestias. Eos labore soluta praesentium velit fugiat suscipit minus quasi. Velit accusamus ullam repellat facilis. Incidunt id totam sed consequuntur pariatur veniam."
d3bc1230eff74c5c9c0f771a57ba5329,traceyrussell@steele-watson.com,2568407,k,45.94.125.129,2002-02-11,7274,3)bSz8Sboz,"Ab distinctio atque ullam delectus commodi. Consectetur quo praesentium repellat occaecati."
d3f171c588cf4cc881a262d6f1323176,brittanyfreeman@hotmail.com,560258603,c,161.248.143.215,1989-06-22,1543,n13dQrWm#&,"Illo accusamus inventore illum praesentium quia et ex officiis. Debitis quaerat magni quod quo modi. Excepturi quod omnis maiores assumenda vitae sequi. Mollitia voluptate enim cumque eius."
d63b9a93314e4b758bd37a18066a2086,smithchristopher@yahoo.com,0,v,35.164.187.9,1995-09-19,4277,pc_fQ3Wy%b,"Tempora possimus quasi distinctio. Maiores non laborum ipsum libero doloremque doloribus. Magnam ipsam nam assumenda voluptas eos sequi. Repellendus libero molestias occaecati."
d64d34afa3924f298f934f7d0edab757,kimberly11@robles.net,8266,Y,179.223.98.104,1971-10-13,5444,(KbywC+ws0,"Maxime quo quod ad distinctio totam consectetur. Saepe reprehenderit dolores quam. Labore hic exercitationem necessitatibus."
dbb5a1c9b714426a982623723d0e45a8,nancysmith@yahoo.com,187,E,117.27.143.16,1998-01-16,9677,+X26S#+nZr,"Officiis dolores numquam minima reprehenderit perferendis necessitatibus sint. Facere ab excepturi minima sapiente. Minus quaerat harum distinctio corrupti unde."
dc74d1395f78429eb6310d2969e21bff,smithmatthew@yahoo.com,1,H,20.104.218.171,1971-06-05,910,(5fX5qQASa,"Distinctio ex eveniet doloribus magni at. Quibusdam facere soluta iure laborum aperiam omnis."
ddc09442461f4cd6a368e2a7dfa7f45a,oneillcassandra@cooley.net,4,A,162.169.111.173,2007-09-14,1930,$9YufaWmW$,"Aliquam error dolores sapiente nulla distinctio iure laborum. Atque laudantium molestias numquam numquam. Sint iste ad cum similique nulla quod a."
de6cc9332d3648b3945104eb60fd6f2c,ymartin@gmail.com,769426630,L,34.247.122.95,1987-08-24,3489,K0YSUqJY!5,"Eum asperiores suscipit blanditiis vero ipsa quam. Quae quisquam quasi fugiat."
de732633d2794705bd71967117d873c5,jamie91@hotmail.com,99,m,165.176.134.50,1995-05-29,3082,+Dr8^VZ72p,"Nostrum accusantium impedit praesentium distinctio cum impedit. Amet nisi odit porro quia. Aliquam maiores nemo quae tempora ratione recusandae."
e029e3a51a104e01b1269454053d4210,lhoover@yahoo.com,623,O,152.181.224.15,2009-09-09,2920,)8LGSLa1Vp,"Perferendis aperiam explicabo dolores aliquid. Nostrum recusandae omnis consequuntur et exercitationem.
Id ipsam laborum totam. Fugit velit odio laborum quos."
e192547d66c4477cbb962f96c2bf3993,sharon09@gmail.com,78423,i,62.151.143.199,2012-08-28,9609,BO335Q3n$Y,"Expedita officiis labore vitae maiores vel neque totam quas. Consequuntur ratione non facere vel ut sit. Sit repellendus quas temporibus deserunt debitis."
e1df30ac55964094a7f0831351d9a7ab,william55@serrano.com,78278,q,104.234.56.75,2002-04-26,1297,1LU9Kdea$o,"Magnam dolorum incidunt architecto quis aliquid hic eius. Illo sunt quas ullam distinctio placeat quia. Tenetur eveniet aperiam voluptatibus quod vitae iusto. Porro eius nemo saepe."
e357041b17b04092909acaded6d90596,earlmorgan@hotmail.com,88514365,l,190.2.39.13,2014-05-25,9639,j!V8+PfBqd,"Ducimus alias quidem repellendus ipsam. Necessitatibus earum aut eaque. Ratione quidem reprehenderit quisquam harum consequatur reiciendis."
e40ed26f744b41f0989a7b69cd1820de,ylogan@noble-neal.info,764186,W,17.30.12.172,1999-01-22,2504,fyGaE*gV^8,"Atque nulla sequi dolorem magni voluptatem ullam deserunt modi. Quos atque quaerat aspernatur facilis. Fugiat quae eligendi voluptates facere."
e448557d81c64f66910f9e7f6eb5dd2d,nberry@hotmail.com,91360,U,122.108.98.197,1997-01-05,6360,(p1R@Qhr)S,"Aspernatur id temporibus omnis laudantium error et vero commodi. Eligendi quia reiciendis repudiandae omnis. Modi provident necessitatibus rem quisquam sit."
e547f4d228d84cdaa2326795c353ee82,robertscarol@taylor-smith.com,2,x,164.203.143.67,1999-01-22,298,(O&1Ae0mXW,"Asperiores sapiente iusto at voluptates. Deleniti laboriosam quae ut id mollitia mollitia. Officiis consequatur molestias sed neque enim excepturi ad."
e7d2f453dc1d4e139722d044e44406df,ndawson@copeland-boyd.com,154581,l,189.27.148.134,2009-08-19,93,LkqY4ENK#2,"Aut in ad dolore excepturi repellendus. Quos quidem fugiat iste. Tenetur impedit sit molestias consequatur sed sed. Atque in in numquam harum sapiente aliquid eaque."
e7d6f60c7a7d42eba2e97506a524e60b,yquinn@gmail.com,21219,H,112.205.47.112,1998-09-10,2730,G7oVuCcc)m,"Animi delectus illo sint. Debitis iste in totam praesentium. Eveniet modi error deserunt nemo. Corporis hic architecto dicta asperiores."
e90ef0eb8e364c50bfa2a811e1cfc1c2,ana58@gmail.com,55,S,50.105.224.5,2016-10-26,2448,odE8_WLp+(,"Vel quia nostrum fugiat molestiae. Nam veritatis cum labore quos accusantium quam laboriosam. Pariatur illum repudiandae explicabo sapiente soluta vitae."
e9430369e96a4609bb61d2c960caa3bc,rharris@hotmail.com,1486564,t,120.179.113.66,2000-06-17,1086,l#2GDKTjni,"Molestiae commodi rerum numquam odit at ipsam molestiae excepturi. Aperiam laborum expedita temporibus debitis sunt. Maxime magni labore nisi consequuntur libero."
ebafca57091949ed9d5907a8f5504f3e,bentleymegan@gmail.com,3913771,s,4.35.162.140,1986-01-04,4192,t1+F)U1f@d,"Adipisci aut perspiciatis necessitatibus. Alias debitis quam tenetur autem. Vero facilis repellat debitis eligendi."
ec5dc46aef2a40d29fd57af8daf3ffab,aliciamartinez@hotmail.com,988,t,50.229.217.238,1986-04-26,3983,&12)2KEk+X,"Inventore adipisci assumenda sapiente accusamus. Illo quis quia ipsum harum. Porro excepturi reprehenderit harum eius a vitae."
ecc08868aad2466195770518cd0e3e45,bfrederick@rivas-thompson.org,811359544,l,149.93.57.9,1980-08-22,3874,r@w0DqhY!(,"Odio natus temporibus dolore. Aut provident soluta soluta unde. Corrupti dolorem dignissimos ratione animi."
edd144745e344205904a3d37e03e35d5,garciamark@gmail.com,0,b,24.54.70.75,1981-09-29,8796,7m0rMefp%F,"Tenetur natus eaque ipsa cupiditate est laboriosam. Dolorum voluptate voluptatum inventore. Vitae inventore facere aspernatur eos omnis suscipit possimus alias."
ee012412235341db822587ec477d3ba5,mhunt@hotmail.com,585862,U,137.252.205.111,2006-03-21,6948,l1ps&Rax(l,"Maxime nobis repellat pariatur voluptate vitae quo dolore. Rerum corporis sapiente aspernatur sapiente aperiam cupiditate. Consequatur est ut rerum iusto earum quaerat iste doloremque."
ee7f31450ee74b28a948107acc74c911,vneal@wilson.com,966872233,I,235.102.132.195,1989-07-03,8315,PA$1ZJt5BB,"Eaque libero cum ipsa consectetur nemo. Laborum praesentium aliquam at dolor quo atque cum. Alias quod eum placeat natus veritatis similique."
ef35e368be7148c88d93e8b24d575e85,alexanderanderson@gmail.com,281804,w,78.92.158.137,1980-06-02,9645,X%9CtY+p%p,"Enim eius placeat dolor doloribus aut. Laboriosam laudantium ratione sunt architecto hic. Saepe cupiditate natus facere odit doloribus assumenda recusandae."
f0a94cbac33344a5a4b88ab09c35c9bd,sharon05@gmail.com,54461213,t,41.134.227.241,1972-01-21,7325,0)3Up4Lm+m,"Ab quam odit dicta perferendis facere. Pariatur accusamus quam commodi laboriosam. Animi necessitatibus temporibus officiis voluptas. Doloremque laudantium sint consequatur cupiditate aut unde."
f0b662aa2df5493eafc6bd7b22609e86,jill32@gmail.com,0,S,128.30.214.147,2001-10-06,6277,#cEA2tOfU3,"Aut beatae quibusdam asperiores maxime quam quos aut. Soluta quas non id vero rem. Officiis optio voluptatibus excepturi consequuntur quae adipisci blanditiis facilis."
f4ef1ab768304e8494d0f2b2ae977000,nataliepatton@johnson.com,2818513,D,168.21.160.48,2002-06-05,9975,^xN!cZH$J2,"Accusamus magnam ex facilis dolore. Illum impedit a tempora dolore mollitia magnam."
f5cf254590ba43c0986ce6f023b73f9c,ericalewis@hotmail.com,4342,c,240.141.217.176,1973-05-16,6699,21*2EuDfEd,"Delectus vero fuga consectetur nulla. Laudantium iure perspiciatis ea. Cum adipisci vitae velit ipsam perspiciatis alias temporibus. Corporis in beatae officia enim officiis laudantium."
f63de075ecce488d8aaee1dcf77dbbe7,samueljordan@hotmail.com,95220124,L,213.86.35.119,1992-11-14,9477,$%uW!R@u3@,"Placeat omnis ipsam illo quaerat perspiciatis. Consectetur molestiae aspernatur necessitatibus fuga. Incidunt deserunt explicabo quod eum."
f7d4cd77b1924d9fa03ae81d29cc8070,thomas46@solis.com,19280609,y,237.41.126.243,1994-08-16,179,f%1%P6Bd)J,"Alias excepturi fugiat distinctio quisquam. Fuga nisi tempore recusandae earum quasi reiciendis. Nam alias fuga nobis deleniti exercitationem."
f8ba91bfe72a4a26800589d999eab275,anthonywhite@gmail.com,964716,A,24.227.198.232,2004-09-16,8821,F#1WsLmZKA,"Nobis quae assumenda nesciunt quasi. Occaecati dolorum incidunt dicta dolorem voluptate voluptas."
fbbfa84074a84d2f9ba402fccbaa5cd2,amberwells@hotmail.com,0,A,96.92.123.93,2010-11-04,7957,tchNN9Ofs%,"Accusamus eaque minus veritatis accusamus eum corrupti. Saepe doloribus ratione quos ratione quisquam perferendis dolorum."
fc59ef91a1114ad0b2ca6a25b0754a62,karen67@yahoo.com,15214034,X,139.56.13.216,2000-01-07,6211,L#^6Yl8XlH,"Et harum cum natus aliquam accusantium temporibus. Doloribus ducimus ratione aperiam sit commodi soluta earum."
fcde14ad06c6457c9118c8c242517347,angelabenton@gmail.com,49234797,k,219.235.231.40,2015-11-05,7896,V65Lr^zhn&,"Atque rerum laborum provident libero voluptate asperiores. Earum earum ad dicta placeat cum. Nesciunt dolorem iure rem quidem unde. Magnam nisi esse suscipit in quam magnam laboriosam."
fd08bb919b61442cae1613f616b2feae,mcdanieljohn@hoffman-owen.com,70,D,50.229.13.146,1974-06-27,2355,j9tnMP)G)h,"Dolores at quibusdam quis eos beatae mollitia quae. Sint repudiandae sed minus repellendus autem. Error similique assumenda perferendis molestiae nisi numquam. Expedita molestias quasi expedita."
fd660d262f494c31a2f4fe9148a446d8,sarah18@hotmail.com,1888,F,156.98.248.221,1980-06-04,713,*yE^ElbuL8,"Placeat quisquam doloremque et beatae. Nemo fugiat magnam expedita totam illum eligendi est. Tempore molestiae vel possimus debitis. Ab modi impedit similique error."
fdcf455e84694b0fa2bd3bdf70f8e56a,mrodriguez@fry.com,0,i,46.17.134.106,2008-01-13,7805,@1PJ1PHf!I,"Adipisci iusto enim assumenda laudantium cupiditate fuga quasi amet. Nam labore repudiandae eos rem. Error accusantium quam accusamus."
fe19be5934d340669941a43ed566e8b3,nguyenvalerie@massey-tucker.biz,0,s,65.149.248.176,1987-08-15,2242,AVIe2ZWwH&,"Alias quia consectetur architecto nobis molestiae aspernatur. Nemo quia illum facere esse. Doloremque praesentium nemo iste rerum aliquid. Voluptate ex minima fuga vero reiciendis vel."
fe8d629c7e1a409e96dd6bdec8d56eaa,smithtonya@lozano.com,25322091,U,181.20.116.33,1985-11-27,8119,&5YmnhT2#L,"Molestias minus accusantium quibusdam nostrum. Beatae est tempore accusamus molestiae. Reiciendis maxime dignissimos repellat."
